CÓDIGO,SUBSTITUTOS,NOME,FABRICA,EMBALAGEM,PREÇO 38%,MST C/,MUL C/,CADASTRO PRODUTO,EM LINHA,ECOM,COMPRADOR,SEGMENTO,CATEGORIA,GRUPO,SUBGRUPO,VALOR EST.,ABC GRU 90D,EST. CD,ULT. ENT. CD,EST. UNE,ULT. ENT. UNE,LVERDE,EXPO. MIN,TRAVA,END. ESTOQUE UNE,ULT. AUDITORIA PDV,ROTINA,CLASSE,DATA CRIA LINHAVERDE,SOLICITAÇÃO,QTD SOL,DATA SOL,STATUS,ENDEREÇO LIN CD,ENDEREÇO RESERVA CD,EAN
480178,,ABRIDOR CASA GRANDE 112R.,STARMAKE COM DE MAQ COSTURA IMP EXP LTDA,ATA - UNID      ,4.7492,0,0,2015-03-30,SIM,NÃO,APARECIDA      ,ARMARINHO E CONFECÇÃO,AVIAMENTOS,ABRIDORES                          ,SIMPLES,0.0,0,,2021-10-11 00:00:00,0,,6,,SIM,0,SEM VISTA,,,2021-02-20 07:12:37.270000,,,,,,,
723225,,ABRIDOR GARRAFA MDF 5X15CM R.HFGJ2307 SORTIDO,KIT,ATA - UNID      ,4.991,0,0,2023-07-04,SIM,NÃO,JOAO SALAZAR   ,CASA E DECORAÇÃO,UTILIDADES DOMÉSTICAS,ABRIDORES                          ,SIMPLES,59.891999999999996,C,,2023-09-25 00:00:00,12,,12,,SIM,0,SEM VISTA,,,2023-10-03 18:09:01.850000,,,,,,,
723226,,ABRIDOR GARRAFA MDF 5X15CM R.HFGJ2308 SORTIDO,KIT,ATA - UNID      ,4.991,0,0,2023-07-04,SIM,NÃO,JOAO SALAZAR   ,CASA E DECORAÇÃO,UTILIDADES DOMÉSTICAS,ABRIDORES                          ,SIMPLES,59.891999999999996,C,,2023-09-25 00:00:00,12,,12,,SIM,0,SEM VISTA,,,2023-10-03 18:09:01.787000,,,,,,,
556368,,AC IMPALPAVEL EXTRA FINO ARCOLOR REF.AI1000,ARCOLOR,ATA - UNID      ,12.989,0,0,2017-02-20,SIM,,,FESTAS,CONFEITARIA,AÇÚCAR,CONFEITEIRO,0.0,,,2021-10-19 00:00:00,0,,0,,NÃO,0,SEM VISTA,,,00:00:00,,,,,,,
739789,,ACENDEDOR CHURRASQUEIRA MANUAL R.832624,ZEIN IMPORTACAO,ATA - UNID      ,17.9924,0,0,2024-03-14,SIM,NÃO,JOAO SALAZAR   ,CASA E DECORAÇÃO,UTILIDADES DOMÉSTICAS,ACENDEDOR                          ,SIMPLES,107.95439999999999,C,,2024-04-09 00:00:00,6,,6,,SIM,0,SEM VISTA,,,2024-03-14 18:31:40.800000,,,,,,,
599457,,ACESSORIO ANJO ASA 52X48CM YW425 BRANCO,KIT,ATA - UNID      ,29.9894,200,0,2018-04-26,SIM,NÃO,NEILOR COMPRAS ,SAZONAIS,CARNAVAL,NÃO AGRUPADO,NÃO SUBAGRUPADO,0.0,AA,,2023-11-24 00:00:00,0,,0,,NÃO,0,2024-03-01 00:00:00,COMPRAS INVENTÁRIOS PRÉ-DEFINIDOS,,00:00:00,,,,,,,
599456,,ACESSORIO ANJO ASA 53X42CM YW424 PRETO,KIT,ATA - UNID      ,29.9894,200,0,2018-04-26,SIM,NÃO,NEILOR COMPRAS ,SAZONAIS,CARNAVAL,NÃO AGRUPADO,NÃO SUBAGRUPADO,0.0,A,,2023-11-24 00:00:00,0,,0,,NÃO,0,2024-03-01 00:00:00,COMPRAS INVENTÁRIOS PRÉ-DEFINIDOS,,00:00:00,,,,,,,
598614,,ACESSORIO ANJO ASA 80X60CM PRETO,KIT,ATA - UNID      ,18.9906,100,0,2018-04-24,SIM,NÃO,NEILOR COMPRAS ,SAZONAIS,CARNAVAL,NÃO AGRUPADO,NÃO SUBAGRUPADO,0.0,C,,2020-09-10 00:00:00,0,,0,,NÃO,0,2024-02-09 00:00:00,COMPRAS INVENTÁRIOS PRÉ-DEFINIDOS,,00:00:00,,,,,,,
689771,,ACESSORIO ASA ANJO 862-1 BRANCO IRISADO,USINA DE ARTE,ATA - UNID      ,31.899,15,0,2021-12-23,SIM,NÃO,JACKLLINE LOPES,SAZONAIS,CARNAVAL,NÃO AGRUPADO,NÃO SUBAGRUPADO,0.0,C,,2024-01-18 00:00:00,0,,0,,NÃO,0,SEM VISTA,,,00:00:00,,,,,,,
689774,,ACESSORIO ASA ANJO 862-3 DOURADO,USINA DE ARTE,ATA - UNID      ,31.899,15,0,2021-12-23,SIM,NÃO,JACKLLINE LOPES,SAZONAIS,CARNAVAL,NÃO AGRUPADO,NÃO SUBAGRUPADO,0.0,C,,2023-02-13 00:00:00,0,,0,,NÃO,0,SEM VISTA,,,00:00:00,,,,,,,
689775,,ACESSORIO ASA ANJO 862-4 PRATA,USINA DE ARTE,ATA - UNID      ,31.899,15,0,2021-12-23,SIM,NÃO,JACKLLINE LOPES,SAZONAIS,CARNAVAL,NÃO AGRUPADO,NÃO SUBAGRUPADO,0.0,C,,2023-02-10 00:00:00,0,,0,,NÃO,0,SEM VISTA,,,00:00:00,,,,,,,
689772,,ACESSORIO ASA ANJO PRETO IRISADO,USINA DE ARTE,ATA - UNID      ,31.899,15,0,2021-12-23,SIM,NÃO,JACKLLINE LOPES,SAZONAIS,CARNAVAL,NÃO AGRUPADO,NÃO SUBAGRUPADO,0.0,C,,2024-01-18 00:00:00,0,,0,,NÃO,0,SEM VISTA,,,00:00:00,,,,,,,
689770,,ACESSORIO ASA ANJO ROSA IRISADO,USINA DE ARTE,ATA - UNID      ,31.899,15,0,2021-12-23,SIM,NÃO,JACKLLINE LOPES,SAZONAIS,CARNAVAL,NÃO AGRUPADO,NÃO SUBAGRUPADO,0.0,0,,2023-02-10 00:00:00,0,,0,,NÃO,0,SEM VISTA,,,00:00:00,,,,,,,
689773,,ACESSORIO ASA ANJO VERMELHO IRISADO,USINA DE ARTE,ATA - UNID      ,31.899,15,0,2021-12-23,SIM,NÃO,JACKLLINE LOPES,SAZONAIS,CARNAVAL,PRODUTOS P/CARNAVAL                ,SIMPLES,0.0,C,,2023-02-10 00:00:00,0,,0,,NÃO,0,2024-02-09 00:00:00,COMPRAS INVENTÁRIOS PRÉ-DEFINIDOS,,00:00:00,,,,,,,
689776,,ACESSORIO ASA ARCANJO 863 BRANCO IRISADO,USINA DE ARTE,ATA - UNID      ,51.9002,15,0,2021-12-23,SIM,NÃO,JACKLLINE LOPES,SAZONAIS,CARNAVAL,PRODUTOS P/CARNAVAL                ,SIMPLES,0.0,C,,2024-01-18 00:00:00,0,,0,,NÃO,0,SEM VISTA,,,00:00:00,,,,,,,
689777,,ACESSORIO ASA ARCANJO 863-1 PRETO IRISADO,USINA DE ARTE,ATA - UNID      ,51.9002,15,0,2021-12-23,SIM,NÃO,JACKLLINE LOPES,SAZONAIS,CARNAVAL,PRODUTOS P/CARNAVAL                ,SIMPLES,0.0,C,,2023-02-10 00:00:00,0,,0,,NÃO,0,SEM VISTA,,,00:00:00,,,,,,,
689778,,ACESSORIO ASA ARCANJO 863-2 DOURADO,USINA DE ARTE,ATA - UNID      ,51.9002,15,0,2021-12-23,SIM,NÃO,JACKLLINE LOPES,SAZONAIS,CARNAVAL,PRODUTOS P/CARNAVAL                ,SIMPLES,0.0,C,,2023-02-10 00:00:00,0,,0,,NÃO,0,SEM VISTA,,,00:00:00,,,,,,,
689779,,ACESSORIO ASA ARCANJO 863-3 PRATA,USINA DE ARTE,ATA - UNID      ,51.9002,15,0,2021-12-23,SIM,NÃO,JACKLLINE LOPES,SAZONAIS,CARNAVAL,PRODUTOS P/CARNAVAL                ,SIMPLES,0.0,C,,2023-02-13 00:00:00,0,,0,,NÃO,0,SEM VISTA,,,00:00:00,,,,,,,
689782,,ACESSORIO ASA BORBOLETA 864-1 BRANCO IRISADO,USINA DE ARTE,ATA - UNID      ,24.9922,15,0,2021-12-23,SIM,NÃO,JACKLLINE LOPES,SAZONAIS,CARNAVAL,NÃO AGRUPADO,NÃO SUBAGRUPADO,0.0,C,,2023-02-10 00:00:00,0,,0,,NÃO,0,SEM VISTA,,,00:00:00,,,,,,,
689781,,ACESSORIO ASA BORBOLETA 864-3 LILAS IRISADO,USINA DE ARTE,ATA - UNID      ,24.9922,15,0,2021-12-23,SIM,NÃO,JACKLLINE LOPES,SAZONAIS,CARNAVAL,NÃO AGRUPADO,NÃO SUBAGRUPADO,0.0,C,,2023-02-13 00:00:00,0,,0,,NÃO,0,2024-02-09 00:00:00,COMPRAS INVENTÁRIOS PRÉ-DEFINIDOS,,00:00:00,,,,,,,
689783,,ACESSORIO ASA BORBOLETA ROSA IRISADO,USINA DE ARTE,ATA - UNID      ,24.9922,15,0,2021-12-23,SIM,NÃO,JACKLLINE LOPES,SAZONAIS,CARNAVAL,NÃO AGRUPADO,NÃO SUBAGRUPADO,0.0,C,,2023-02-10 00:00:00,0,,0,,NÃO,0,SEM VISTA,,,00:00:00,,,,,,,
689780,,ACESSORIO ASA BORBOLETA VERMELHO IRISADO,USINA DE ARTE,ATA - UNID      ,24.9922,15,0,2021-12-23,SIM,NÃO,JACKLLINE LOPES,SAZONAIS,CARNAVAL,NÃO AGRUPADO,NÃO SUBAGRUPADO,0.0,C,,2023-02-10 00:00:00,0,,0,,NÃO,0,SEM VISTA,,,00:00:00,,,,,,,
689799,,ACESSORIO ASA FADINHA BRANCO IRISADO,USINA DE ARTE,ATA - UNID      ,25.9904,15,0,2021-12-27,SIM,NÃO,JACKLLINE LOPES,SAZONAIS,CARNAVAL,NÃO AGRUPADO,NÃO SUBAGRUPADO,0.0,C,,2023-02-10 00:00:00,0,,0,,NÃO,0,SEM VISTA,,,00:00:00,,,,,,,
689801,,ACESSORIO ASA FADINHA LILAS IRISADO,USINA DE ARTE,ATA - UNID      ,25.9904,15,0,2021-12-27,SIM,NÃO,JACKLLINE LOPES,SAZONAIS,CARNAVAL,NÃO AGRUPADO,NÃO SUBAGRUPADO,0.0,C,,2023-02-10 00:00:00,0,,0,,NÃO,0,SEM VISTA,,,00:00:00,,,,,,,
689802,,ACESSORIO ASA FADINHA PRETO IRISADO,USINA DE ARTE,ATA - UNID      ,25.9904,15,0,2021-12-27,SIM,NÃO,JACKLLINE LOPES,SAZONAIS,CARNAVAL,NÃO AGRUPADO,NÃO SUBAGRUPADO,0.0,C,,2023-02-10 00:00:00,0,,0,,NÃO,0,SEM VISTA,,,00:00:00,,,,,,,
689800,,ACESSORIO ASA FADINHA ROSA IRISADO,USINA DE ARTE,ATA - UNID      ,25.9904,15,0,2021-12-27,SIM,NÃO,JACKLLINE LOPES,SAZONAIS,CARNAVAL,NÃO AGRUPADO,NÃO SUBAGRUPADO,0.0,C,,2023-02-10 00:00:00,0,,0,,NÃO,0,SEM VISTA,,,00:00:00,,,,,,,
312204,,ACESSORIO BORBOLETA ASA BEBE 1402-1S ROSA,KIT,ATA - UNID      ,9.9882,800,20,2012-05-22,SIM,NÃO,NEILOR COMPRAS ,SAZONAIS,CARNAVAL,NÃO AGRUPADO,NÃO SUBAGRUPADO,0.0,AA,,2023-10-23 00:00:00,0,,0,,NÃO,0,2024-03-01 00:00:00,COMPRAS INVENTÁRIOS PRÉ-DEFINIDOS,,00:00:00,,,,,,,
695654,,ACESSORIO CILIOS A220407-02 ROSA,KIT,ATA - C/1PAR    ,20.491,360,10,2022-04-12,SIM,NÃO,NEILOR COMPRAS ,SAZONAIS,CARNAVAL,ARTIGOS P/FESTAS                   ,SIMPLES,0.0,C,,2022-09-29 00:00:00,0,,0,,NÃO,0,SEM VISTA,,,00:00:00,,,,,,,
695656,,ACESSORIO CILIOS BICOLOR A220407-03 AMARELO/ROSA,KIT,ATA - C/1PAR    ,20.491,360,10,2022-04-12,SIM,NÃO,NEILOR COMPRAS ,SAZONAIS,CARNAVAL,ARTIGOS P/FESTAS                   ,SIMPLES,0.0,C,,2022-09-29 00:00:00,0,,0,,NÃO,0,SEM VISTA,,,00:00:00,,,,,,,
695662,,ACESSORIO CILIOS BRILHOS A220407-04 AMARELO IRISADO,KIT,ATA - C/1PAR    ,15.9898,360,10,2022-04-12,SIM,NÃO,NEILOR COMPRAS ,SAZONAIS,CARNAVAL,ARTIGOS P/FESTAS                   ,SIMPLES,0.0,C,,2022-09-29 00:00:00,0,,0,,NÃO,0,2024-02-06 00:00:00,INVENTÁRIOS PRÉ-DEFINIDOS COMPRAS,,00:00:00,,,,,,,
695661,,ACESSORIO CILIOS BRILHOS A220407-04 BRANCO IRISADO,KIT,ATA - C/1PAR    ,15.9898,360,10,2022-04-12,SIM,NÃO,NEILOR COMPRAS ,SAZONAIS,CARNAVAL,ARTIGOS P/FESTAS                   ,SIMPLES,0.0,C,,2022-09-29 00:00:00,0,,0,,NÃO,0,SEM VISTA,,,00:00:00,,,,,,,
695659,,ACESSORIO CILIOS BRILHOS A220407-04 COLORIDO,KIT,ATA - C/1PAR    ,15.9898,360,10,2022-04-12,SIM,NÃO,NEILOR COMPRAS ,SAZONAIS,CARNAVAL,ARTIGOS P/FESTAS                   ,SIMPLES,0.0,C,,2022-09-29 00:00:00,0,,0,,NÃO,0,2024-02-06 00:00:00,INVENTÁRIOS PRÉ-DEFINIDOS COMPRAS,,00:00:00,,,,,,,
695660,,ACESSORIO CILIOS BRILHOS A220407-04 PRETO IRISADO,KIT,ATA - C/1PAR    ,15.9898,360,10,2022-04-12,SIM,NÃO,NEILOR COMPRAS ,SAZONAIS,CARNAVAL,ARTIGOS P/FESTAS                   ,SIMPLES,0.0,B,,2022-09-29 00:00:00,0,,0,,NÃO,0,2024-02-06 00:00:00,INVENTÁRIOS PRÉ-DEFINIDOS COMPRAS,,00:00:00,,,,,,,
711319,,ACESSORIO CUPIDO ARCO E FLECHA GD 851.1.7C,USINA DE ARTE,ATA - UNID      ,21.9914,0,0,2023-01-05,SIM,NÃO,JACKLLINE LOPES,SAZONAIS,CARNAVAL,ACESSÓRIOS,SIMPLES,0.0,C,,2023-02-10 00:00:00,0,,0,,NÃO,0,2024-02-09 00:00:00,COMPRAS INVENTÁRIOS PRÉ-DEFINIDOS,,00:00:00,,,,,,,
689788,,ACESSORIO CUPIDO ARCO E FLECHA PRATA/OURO,USINA DE ARTE,ATA - UNID      ,9.9014,0,0,2021-12-23,SIM,NÃO,JACKLLINE LOPES,SAZONAIS,CARNAVAL,ACESSÓRIOS,SIMPLES,0.0,C,,2023-02-10 00:00:00,0,,0,,NÃO,0,2024-02-09 00:00:00,COMPRAS INVENTÁRIOS PRÉ-DEFINIDOS,,00:00:00,,,,,,,
689789,,ACESSORIO CUPIDO ARCO E FLECHA VERMELHO/OURO,USINA DE ARTE,ATA - UNID      ,9.9014,0,0,2021-12-23,SIM,NÃO,JACKLLINE LOPES,SAZONAIS,CARNAVAL,NÃO AGRUPADO,NÃO SUBAGRUPADO,0.0,C,,2023-02-10 00:00:00,0,,0,,NÃO,0,2024-02-09 00:00:00,COMPRAS INVENTÁRIOS PRÉ-DEFINIDOS,,00:00:00,,,,,,,
724720,,ACESSORIO DIABO GARFO 2463-1,MATSUMOTO,ATA - UNID      ,18.8976,0,0,2023-07-18,SIM,NÃO,LUZIA FREITAS  ,SAZONAIS,CARNAVAL,ACESSÓRIOS,SIMPLES,0.0,B,,2023-09-14 00:00:00,0,,0,,NÃO,0,SEM VISTA,,,00:00:00,,,,,,,
695631,,ACESSORIO HALLOWEEN BRUXA CHAPEU LISO 1985 PRETO,KIT,ATA - UNID      ,9.9882,1200,12,2022-04-12,SIM,SIM,NEILOR COMPRAS ,SAZONAIS,CARNAVAL,ACESSÓRIOS,SIMPLES,0.0,A,,2022-10-10 00:00:00,0,,0,,NÃO,0,2024-02-06 00:00:00,INVENTÁRIOS PRÉ-DEFINIDOS COMPRAS,,00:00:00,,,,,,,
635956,,ACESSORIO HAVAIANO COLAR LED D2197-1904 42CM,KIT,ATA - UNID      ,4.991,600,12,2019-04-30,SIM,NÃO,NEILOR COMPRAS ,SAZONAIS,CARNAVAL,NÃO AGRUPADO,NÃO SUBAGRUPADO,0.0,C,,2020-12-22 00:00:00,0,,0,,NÃO,0,2024-02-09 00:00:00,COMPRAS INVENTÁRIOS PRÉ-DEFINIDOS,,00:00:00,,,,,,,
312599,,ACESSORIO HAVAIANO COLAR LUXO 0161-6 BRANCO/ROXO,KIT,ATA - UNID      ,6.9874,600,12,2012-05-24,SIM,NÃO,NEILOR COMPRAS ,SAZONAIS,CARNAVAL,NÃO AGRUPADO,NÃO SUBAGRUPADO,0.0,C,,2018-07-11 00:00:00,0,,0,,NÃO,0,2024-02-07 00:00:00,INVENTÁRIOS PRÉ-DEFINIDOS COMPRAS,,00:00:00,,,,,,,
694835,,ACESSORIO HAVAIANO COLAR PETALA 11CM YC-11 ROXO,KIT,ATA - UNID      ,9.4922,600,12,2022-03-30,SIM,SIM,NEILOR COMPRAS ,SAZONAIS,CARNAVAL,NÃO AGRUPADO,NÃO SUBAGRUPADO,0.0,A,,2022-09-29 00:00:00,0,,0,,NÃO,0,SEM VISTA,,,00:00:00,,,,,,,
312695,,ACESSORIO HAVAIANO SAIA GRANDE 60CM 2308-4 AZUL,KIT,ATA - UNID      ,9.9882,252,12,2012-05-24,SIM,NÃO,NEILOR COMPRAS ,SAZONAIS,CARNAVAL,NÃO AGRUPADO,NÃO SUBAGRUPADO,0.0,C,,2018-05-30 00:00:00,0,,0,,NÃO,0,SEM VISTA,,,00:00:00,,,,,,,
312677,,ACESSORIO HAVAIANO SAIA GRANDE 60CM 2308-4 ROSA,KIT,ATA - UNID      ,3.9928,252,12,2012-05-24,SIM,NÃO,NEILOR COMPRAS ,SAZONAIS,CARNAVAL,NÃO AGRUPADO,NÃO SUBAGRUPADO,0.0,C,,2018-05-30 00:00:00,0,,0,,NÃO,0,2024-02-09 00:00:00,COMPRAS INVENTÁRIOS PRÉ-DEFINIDOS,,00:00:00,,,,,,,
312760,,ACESSORIO HAVAIANO SAIA GRANDE 60CM 2308-4 VERMELHO,KIT,ATA - UNID      ,3.9928,252,12,2012-05-25,SIM,NÃO,NEILOR COMPRAS ,SAZONAIS,CARNAVAL,NÃO AGRUPADO,NÃO SUBAGRUPADO,0.0,C,,2018-05-30 00:00:00,0,,0,,NÃO,0,2024-02-09 00:00:00,COMPRAS INVENTÁRIOS PRÉ-DEFINIDOS,,00:00:00,,,,,,,
312761,,ACESSORIO HAVAIANO SAIA MEDIA 40CM 2308-3 AMARELO,KIT,ATA - UNID      ,2.4924,252,12,2012-05-25,SIM,NÃO,NEILOR COMPRAS ,SAZONAIS,CARNAVAL,NÃO AGRUPADO,NÃO SUBAGRUPADO,0.0,C,,2018-05-30 00:00:00,0,,0,,NÃO,0,2024-02-09 00:00:00,COMPRAS INVENTÁRIOS PRÉ-DEFINIDOS,,00:00:00,,,,,,,
312759,,ACESSORIO HAVAIANO SAIA MEDIA 40CM 2308-3 AZUL,KIT,ATA - UNID      ,2.4924,252,12,2012-05-25,SIM,NÃO,NEILOR COMPRAS ,SAZONAIS,CARNAVAL,NÃO AGRUPADO,NÃO SUBAGRUPADO,0.0,C,,2018-05-30 00:00:00,0,,0,,NÃO,0,2024-02-09 00:00:00,COMPRAS INVENTÁRIOS PRÉ-DEFINIDOS,,00:00:00,,,,,,,
312764,,ACESSORIO HAVAIANO SAIA MEDIA 40CM 2308-3 VERMELHO,KIT,ATA - UNID      ,2.4924,252,12,2012-05-25,SIM,NÃO,NEILOR COMPRAS ,SAZONAIS,CARNAVAL,NÃO AGRUPADO,NÃO SUBAGRUPADO,0.0,C,,2018-05-30 00:00:00,0,,0,,NÃO,0,2024-02-09 00:00:00,COMPRAS INVENTÁRIOS PRÉ-DEFINIDOS,,00:00:00,,,,,,,
635952,,ACESSORIO HAVAIANO SAIA PALHA D2197-1901 40CM,KIT,ATA - UNID      ,3.4906,360,0,2019-04-30,SIM,NÃO,NEILOR COMPRAS ,SAZONAIS,CARNAVAL,NÃO AGRUPADO,NÃO SUBAGRUPADO,0.0,C,,2020-12-22 00:00:00,0,,0,,NÃO,0,2024-02-09 00:00:00,COMPRAS INVENTÁRIOS PRÉ-DEFINIDOS,,00:00:00,,,,,,,
312786,,ACESSORIO HAVAIANO SUTIA ADULTO WFL 13 COLORIDO,KIT,ATA - C/2       ,1.9902,500,12,2012-05-25,SIM,NÃO,NEILOR COMPRAS ,SAZONAIS,CARNAVAL,NÃO AGRUPADO,NÃO SUBAGRUPADO,0.0,C,,2012-10-25 00:00:00,0,,0,,NÃO,0,SEM VISTA,,,00:00:00,,,,,,,
312782,,ACESSORIO HAVAIANO SUTIA INFANTIL WFL 12 COLORIDO,KIT,ATA - C/2       ,0.992,800,12,2012-05-25,SIM,NÃO,NEILOR COMPRAS ,SAZONAIS,CARNAVAL,NÃO AGRUPADO,NÃO SUBAGRUPADO,0.0,0,,2012-10-25 00:00:00,0,,0,,NÃO,0,2024-02-09 00:00:00,COMPRAS INVENTÁRIOS PRÉ-DEFINIDOS,,00:00:00,,,,,,,
312621,,ACESSORIO HAVAIANO TIARA 0161-7 AMARELO/VERMELHO,KIT,ATA - UNID      ,7.9918,1200,12,2012-05-24,SIM,NÃO,NEILOR COMPRAS ,SAZONAIS,CARNAVAL,NÃO AGRUPADO,NÃO SUBAGRUPADO,0.0,C,,2018-02-20 00:00:00,0,,0,,NÃO,0,SEM VISTA,,,00:00:00,,,,,,,
312642,,ACESSORIO HAVAIANO TIARA 0161-7 BRANCO/AZUL,KIT,ATA - UNID      ,1.9902,1200,12,2012-05-24,SIM,NÃO,NEILOR COMPRAS ,SAZONAIS,CARNAVAL,NÃO AGRUPADO,NÃO SUBAGRUPADO,0.0,C,,2018-02-20 00:00:00,0,,0,,NÃO,0,2024-02-09 00:00:00,COMPRAS INVENTÁRIOS PRÉ-DEFINIDOS,,00:00:00,,,,,,,
312598,,ACESSORIO HAVAIANO TIARA 0161-7 BRANCO/ROXO,KIT,ATA - UNID      ,7.9918,1200,12,2012-05-24,SIM,NÃO,NEILOR COMPRAS ,SAZONAIS,CARNAVAL,NÃO AGRUPADO,NÃO SUBAGRUPADO,0.0,C,,2018-02-20 00:00:00,0,,0,,NÃO,0,2024-02-07 00:00:00,INVENTÁRIOS PRÉ-DEFINIDOS COMPRAS,,00:00:00,,,,,,,
635867,,ACESSORIO INDIO COCAR 6201-02,KIT,ATA - UNID      ,14.9916,800,10,2019-04-29,SIM,NÃO,NEILOR COMPRAS ,SAZONAIS,CARNAVAL,NÃO AGRUPADO,NÃO SUBAGRUPADO,0.0,A,,2020-12-22 00:00:00,0,,0,,NÃO,0,2024-02-07 00:00:00,INVENTÁRIOS PRÉ-DEFINIDOS COMPRAS,,00:00:00,,,,,,,
635869,,ACESSORIO INDIO COCAR 6201-06,KIT,ATA - UNID      ,21.9914,600,12,2019-04-29,SIM,NÃO,NEILOR COMPRAS ,SAZONAIS,CARNAVAL,NÃO AGRUPADO,NÃO SUBAGRUPADO,0.0,A,,2020-12-22 00:00:00,0,,0,,NÃO,0,2024-02-07 00:00:00,INVENTÁRIOS PRÉ-DEFINIDOS COMPRAS,,00:00:00,,,,,,,
635881,,ACESSORIO INDIO OCULOS COCAR E2561-1904,KIT,ATA - UNID      ,14.9916,300,12,2019-04-29,SIM,NÃO,NEILOR COMPRAS ,SAZONAIS,CARNAVAL,NÃO AGRUPADO,NÃO SUBAGRUPADO,0.0,C,,2020-12-31 00:00:00,0,,0,,NÃO,0,2024-02-07 00:00:00,INVENTÁRIOS PRÉ-DEFINIDOS COMPRAS,,00:00:00,,,,,,,
531350,,ACESSORIO INDIO TIARA 2463-28 VERMELHO,KIT,ATA - UNID      ,8.99,1200,12,2016-05-31,SIM,NÃO,NEILOR COMPRAS ,SAZONAIS,CARNAVAL,NÃO AGRUPADO,NÃO SUBAGRUPADO,0.0,C,,2020-09-14 00:00:00,0,,0,,NÃO,0,2024-02-07 00:00:00,INVENTÁRIOS PRÉ-DEFINIDOS COMPRAS,,00:00:00,,,,,,,
600432,,ACESSORIO LED ANEL 2993-6,KIT,ATA - UNID      ,2.2506,2000,50,2018-05-03,SIM,NÃO,NEILOR COMPRAS ,SAZONAIS,CARNAVAL,NÃO AGRUPADO,NÃO SUBAGRUPADO,0.0,C,,2020-10-22 00:00:00,0,,0,,NÃO,0,2024-02-07 00:00:00,INVENTÁRIOS PRÉ-DEFINIDOS COMPRAS,,00:00:00,,,,,,,
598761,,ACESSORIO LED ANEL SMILE YW464,KIT,ATA - UNID      ,3.9928,1152,12,2018-04-24,SIM,NÃO,NEILOR COMPRAS ,SAZONAIS,CARNAVAL,NÃO AGRUPADO,NÃO SUBAGRUPADO,0.0,C,,2020-12-22 00:00:00,0,,0,,NÃO,0,2024-02-07 00:00:00,INVENTÁRIOS PRÉ-DEFINIDOS COMPRAS,,00:00:00,,,,,,,
532090,,ACESSORIO LED CORDAO PISCA BOLA 2359-3,KIT,ATA - UNID      ,3.9928,1440,60,2016-06-06,SIM,NÃO,NEILOR COMPRAS ,SAZONAIS,CARNAVAL,NÃO AGRUPADO,NÃO SUBAGRUPADO,0.0,C,,2019-08-26 00:00:00,0,,0,,NÃO,0,2024-02-07 00:00:00,INVENTÁRIOS PRÉ-DEFINIDOS COMPRAS,,00:00:00,,,,,,,
532092,,ACESSORIO LED CORDAO PISCA CELULAR 2993-7,KIT,ATA - UNID      ,3.9928,1728,72,2016-06-06,SIM,NÃO,NEILOR COMPRAS ,SAZONAIS,CARNAVAL,NÃO AGRUPADO,NÃO SUBAGRUPADO,0.0,B,,2023-10-30 00:00:00,0,,0,,NÃO,0,2024-03-01 00:00:00,COMPRAS INVENTÁRIOS PRÉ-DEFINIDOS,,00:00:00,,,,,,,
532093,,ACESSORIO LED CORDAO PISCA CORACAO 2993-7,KIT,ATA - UNID      ,3.9928,1728,72,2016-06-06,SIM,NÃO,NEILOR COMPRAS ,SAZONAIS,CARNAVAL,NÃO AGRUPADO,NÃO SUBAGRUPADO,0.0,A,,2022-09-29 00:00:00,0,,0,,NÃO,0,2024-02-07 00:00:00,INVENTÁRIOS PRÉ-DEFINIDOS COMPRAS,,00:00:00,,,,,,,
532097,,ACESSORIO LED CORDAO PISCA GUITARRA 2359-7,KIT,ATA - UNID      ,3.9928,1440,60,2016-06-06,SIM,NÃO,NEILOR COMPRAS ,SAZONAIS,CARNAVAL,NÃO AGRUPADO,NÃO SUBAGRUPADO,0.0,B,,2023-10-30 00:00:00,0,,0,,NÃO,0,2024-03-01 00:00:00,COMPRAS INVENTÁRIOS PRÉ-DEFINIDOS,,00:00:00,,,,,,,
564463,,ACESSORIO MAGICO CARTOLA LACO GRANDE 2743-28 PRETO/PINK,KIT,ATA - UNID      ,1.9902,120,12,2017-04-18,SIM,NÃO,NEILOR COMPRAS ,SAZONAIS,CARNAVAL,NÃO AGRUPADO,NÃO SUBAGRUPADO,0.0,C,,2018-06-30 00:00:00,0,,0,,NÃO,0,2024-02-09 00:00:00,COMPRAS INVENTÁRIOS PRÉ-DEFINIDOS,,00:00:00,,,,,,,
667031,,ACESSORIO MARFIM MESCLADO 18260,MIXMETAIS IND. E COM. DE ACES. DA MODA,ATA - C/25      ,12.9146,0,0,2020-10-15,SIM,,,ARMARINHO E CONFECÇÃO,BIJUTERIAS,ACESSÓRIOS,SIMPLES,0.0,,,2020-12-02 00:00:00,0,,0,,NÃO,0,SEM VISTA,,,00:00:00,,,,,,,
491071,,ACESSORIO MARINHEIRO CHAPEU 2743-10,KIT,ATA - UNID      ,23.9878,120,12,2015-06-02,SIM,NÃO,NEILOR COMPRAS ,SAZONAIS,CARNAVAL,NÃO AGRUPADO,NÃO SUBAGRUPADO,0.0,AA,,2023-11-10 00:00:00,0,,0,,NÃO,0,2024-03-01 00:00:00,COMPRAS INVENTÁRIOS PRÉ-DEFINIDOS,,00:00:00,,,,,,,
564461,,ACESSORIO MEXICANO SOMBREIRO 2743-25,KIT,ATA - UNID      ,29.9894,120,12,2017-04-18,SIM,NÃO,NEILOR COMPRAS ,SAZONAIS,CARNAVAL,NÃO AGRUPADO,NÃO SUBAGRUPADO,0.0,A,,2023-11-10 00:00:00,0,,0,,NÃO,0,SEM VISTA,,,00:00:00,,,,,,,
531370,,ACESSORIO PALHACO GRAVATA 2463-40,KIT,ATA - UNID      ,11.9908,480,12,2016-05-31,SIM,NÃO,NEILOR COMPRAS ,SAZONAIS,CARNAVAL,NÃO AGRUPADO,NÃO SUBAGRUPADO,0.0,A,,2023-11-24 00:00:00,0,,0,,NÃO,0,SEM VISTA,,,00:00:00,,,,,,,
635902,,ACESSORIO PALHACO TIARA D1830-1907,KIT,ATA - UNID      ,10.9926,600,12,2019-04-29,SIM,NÃO,NEILOR COMPRAS ,SAZONAIS,CARNAVAL,NÃO AGRUPADO,NÃO SUBAGRUPADO,0.0,C,,2020-12-22 00:00:00,0,,0,,NÃO,0,SEM VISTA,,,00:00:00,,,,,,,
531352,,ACESSORIO PIRATA TIARA 2463-29,KIT,ATA - UNID      ,5.9892,720,12,2016-05-31,SIM,NÃO,NEILOR COMPRAS ,SAZONAIS,CARNAVAL,NÃO AGRUPADO,NÃO SUBAGRUPADO,0.0,C,,2020-12-31 00:00:00,0,,0,,NÃO,0,2024-02-07 00:00:00,INVENTÁRIOS PRÉ-DEFINIDOS COMPRAS,,00:00:00,,,,,,,
564466,,ACESSORIO RATINHA MASCARA 2743-36,KIT,ATA - UNID      ,2.2506,1200,12,2017-04-18,SIM,NÃO,NEILOR COMPRAS ,SAZONAIS,CARNAVAL,NÃO AGRUPADO,NÃO SUBAGRUPADO,0.0,C,,2019-10-14 00:00:00,0,,0,,NÃO,0,2024-02-07 00:00:00,INVENTÁRIOS PRÉ-DEFINIDOS COMPRAS,,00:00:00,,,,,,,
635874,,ACESSORIO RATINHA SAIA WC-07 40CM,KIT,ATA - UNID      ,14.9916,480,0,2019-04-29,SIM,NÃO,NEILOR COMPRAS ,SAZONAIS,CARNAVAL,NÃO AGRUPADO,NÃO SUBAGRUPADO,0.0,C,,2020-01-13 00:00:00,0,,0,,NÃO,0,2024-02-07 00:00:00,INVENTÁRIOS PRÉ-DEFINIDOS COMPRAS,,00:00:00,,,,,,,
531321,,ACESSORIO REALEZA CETRO REI 2463-24,KIT,ATA - UNID      ,12.989,288,12,2016-05-31,SIM,NÃO,NEILOR COMPRAS ,SAZONAIS,CARNAVAL,NÃO AGRUPADO,NÃO SUBAGRUPADO,0.0,B,,2023-11-24 00:00:00,0,,0,,NÃO,0,SEM VISTA,,,00:00:00,,,,,,,
531399,,ACESSORIO REALEZA COROA CK-541G OURO,KIT,ATA - UNID      ,5.9892,600,0,2016-05-31,SIM,NÃO,NEILOR COMPRAS ,SAZONAIS,CARNAVAL,NÃO AGRUPADO,NÃO SUBAGRUPADO,0.0,A,,2023-10-23 00:00:00,0,,0,,NÃO,0,SEM VISTA,,,00:00:00,,,,,,,
531408,,ACESSORIO REALEZA COROA PRINCIPE CK-544G OURO,KIT,ATA - UNID      ,5.9892,600,12,2016-05-31,SIM,NÃO,NEILOR COMPRAS ,SAZONAIS,CARNAVAL,NÃO AGRUPADO,NÃO SUBAGRUPADO,0.0,B,,2023-10-23 00:00:00,0,,0,,NÃO,0,2024-03-01 00:00:00,COMPRAS INVENTÁRIOS PRÉ-DEFINIDOS,,00:00:00,,,,,,,
531409,,ACESSORIO REALEZA COROA PRINCIPE CK-544S PRATA,KIT,ATA - UNID      ,5.9892,600,12,2016-05-31,SIM,NÃO,NEILOR COMPRAS ,SAZONAIS,CARNAVAL,NÃO AGRUPADO,NÃO SUBAGRUPADO,0.0,B,,2023-10-23 00:00:00,0,,0,,NÃO,0,2024-03-01 00:00:00,COMPRAS INVENTÁRIOS PRÉ-DEFINIDOS,,00:00:00,,,,,,,
635903,,ACESSORIO SEREIA BOLSA RABO E2714B-1901,KIT,ATA - UNID      ,5.487,600,12,2019-04-29,SIM,NÃO,NEILOR COMPRAS ,SAZONAIS,CARNAVAL,NÃO AGRUPADO,NÃO SUBAGRUPADO,0.0,C,,2019-12-31 00:00:00,0,,0,,NÃO,0,2024-02-09 00:00:00,COMPRAS INVENTÁRIOS PRÉ-DEFINIDOS,,00:00:00,,,,,,,
720881,,ACESSORIO TIARA ANJO AUREOLA XLSP-04 29X14CM PRETO,KIT,ATA - UNID      ,5.9892,0,0,2023-05-25,SIM,NÃO,NEILOR COMPRAS ,SAZONAIS,CARNAVAL,TIARAS                             ,SIMPLES,0.0,A,,2023-11-24 00:00:00,0,,0,,NÃO,0,SEM VISTA,,,00:00:00,,,,,,,
720638,,ACESSORIO TIARA FLORES VEU NEGRO YHPT231 LARANJA,KIT,ATA - UNID      ,14.9916,0,0,2023-05-24,SIM,NÃO,NEILOR COMPRAS ,SAZONAIS,CARNAVAL,TIARAS                             ,SIMPLES,0.0,B,,2023-11-10 00:00:00,0,,0,,NÃO,0,SEM VISTA,,,00:00:00,,,,,,,
720639,,ACESSORIO TIARA FLORES VEU NEGRO YHPT231 VERMELHO,KIT,ATA - UNID      ,14.9916,0,0,2023-05-24,SIM,NÃO,NEILOR COMPRAS ,SAZONAIS,CARNAVAL,TIARAS                             ,SIMPLES,0.0,A,,2023-11-10 00:00:00,0,,0,,NÃO,0,SEM VISTA,,,00:00:00,,,,,,,
711318,,ACESSORIO TIARA MEDUSA 841.9 OURO,USINA DE ARTE,ATA - UNID      ,15.9898,0,0,2023-01-05,SIM,NÃO,JACKLLINE LOPES,SAZONAIS,CARNAVAL,TIARAS                             ,SIMPLES,0.0,C,,2023-02-10 00:00:00,0,,0,,NÃO,0,SEM VISTA,,,00:00:00,,,,,,,
711316,,ACESSORIO TIARA RAIO DE SOL 841.5 OURO/PRATA,USINA DE ARTE,ATA - UNID      ,15.9898,0,0,2023-01-05,SIM,NÃO,JACKLLINE LOPES,SAZONAIS,CARNAVAL,TIARAS                             ,SIMPLES,0.0,0,,2023-02-10 00:00:00,0,,0,,NÃO,0,2024-02-09 00:00:00,COMPRAS INVENTÁRIOS PRÉ-DEFINIDOS,,00:00:00,,,,,,,
711317,,ACESSORIO TIARA RAIO DE SOL 841.6 OURO/PRETO,USINA DE ARTE,ATA - UNID      ,15.9898,0,0,2023-01-05,SIM,NÃO,JACKLLINE LOPES,SAZONAIS,CARNAVAL,TIARAS                             ,SIMPLES,0.0,C,,2023-02-10 00:00:00,0,,0,,NÃO,0,SEM VISTA,,,00:00:00,,,,,,,
585521,,ACESSORIO TIARA RATINHA P/COPA R.YW161,KIT,ATA - UNID      ,4.991,720,0,2017-11-07,SIM,NÃO,NEILOR COMPRAS ,SAZONAIS,COPA DO MUNDO,TIARAS                             ,SIMPLES,9.982,C,,2018-05-18 00:00:00,2,,0,,NÃO,0,SEM VISTA,,,00:00:00,,,,,,,
720653,,ACESSORIO TIARA VEU NOIVA PPTS-231 80CM BRANCO,KIT,ATA - UNID      ,19.9888,0,0,2023-05-24,SIM,NÃO,NEILOR COMPRAS ,SAZONAIS,CARNAVAL,TIARAS                             ,SIMPLES,0.0,B,,2023-10-23 00:00:00,0,,0,,NÃO,0,SEM VISTA,,,00:00:00,,,,,,,
719680,,ACESSORIO TREVO REF.7322 139,KR AVIAMENTOS,ATA - C/25      ,6.8882,0,0,2023-05-05,SIM,,,ARMARINHO E CONFECÇÃO,ACABAMENTOS CONFECÇÃO,BOTAO                              ,SIMPLES,0.0,,,00:00:00,0,,0,,NÃO,0,SEM VISTA,,,00:00:00,,,,,,,
678424,,ACRILICO CITRICO 08MM VERDE,OITO CORES COM.ACESSORIOS DE BIJUTERIA L,ATA - C/25GRS   ,4.991,0,0,2021-06-28,SIM,NÃO,MELISSA ALMEIDA,ARMARINHO E CONFECÇÃO,BIJUTERIAS,CONTAS                             ,SIMPLES,0.0,C,,2021-08-25 00:00:00,0,,12,,NÃO,0,SEM VISTA,,,2021-07-09 15:18:50.877000,,,,,,,
678421,,ACRILICO CITRICO 8MM AMARELO,OITO CORES COM.ACESSORIOS DE BIJUTERIA L,ATA - C/25GRS   ,4.991,0,0,2021-06-28,SIM,NÃO,MELISSA ALMEIDA,ARMARINHO E CONFECÇÃO,BIJUTERIAS,CONTAS                             ,SIMPLES,0.0,C,,2021-08-25 00:00:00,0,,7,,NÃO,0,SEM VISTA,,,2021-07-09 15:18:50.847000,,,,,,,
699477,,ACRILICO ELO 19X29 NUDE,REJ COMERCIO E INDUSTRIA DE BIJUTERIA,ATA - C/50GRS   ,7.75,0,0,2022-06-22,SIM,NÃO,MELISSA ALMEIDA,ARMARINHO E CONFECÇÃO,BIJUTERIAS,CONTAS                             ,SIMPLES,0.0,0,,2022-06-22 00:00:00,0,,20,,SIM,0,SEM VISTA,,,2022-07-01 09:09:23.390000,,,,,,,
699432,,ACRILICO SEXTAVADO COLOR NEON 7MM,REJ COMERCIO E INDUSTRIA DE BIJUTERIA,ATA - C/25GRS   ,10.9864,0,0,2022-06-22,SIM,NÃO,MELISSA ALMEIDA,ARMARINHO E CONFECÇÃO,BIJUTERIAS,CONTAS                             ,SIMPLES,0.0,C,,2022-06-22 00:00:00,0,,20,,SIM,0,SEM VISTA,,,2022-07-01 09:09:23.297000,,,,,,,
682754,,ACUCAREIRO CRISTAL C/COLHER  R 1317,LYOR,ATA - UNID      ,24.9922,36,0,2021-08-26,SIM,NÃO,JOAO SALAZAR   ,CASA E DECORAÇÃO,MESA POSTA,CRISTAIS                           ,SIMPLES,0.0,0,,2021-11-27 00:00:00,0,,18,,NÃO,0,SEM VISTA,,,2021-12-08 13:50:59.853000,,,,,,,
739602,,ADAPTADOR DE AUDIO TYPE C P3 R.AD404,OEX,ATA - UNID      ,21.9914,0,0,2024-03-08,SIM,NÃO,VIVIANE HONORAT,INFORMÁTICA,ACESSÓRIOS E PERIFÉRICOS,ADAPTADORES,TYPE-C,109.957,C,,2024-03-20 00:00:00,5,,5,,SIM,0,SEM VISTA,,,2024-03-21 18:25:10.680000,,,,,,,
739612,,ADAPTADOR TYPE C P3 R.AD202,OEX,ATA - UNID      ,19.9888,0,0,2024-03-08,SIM,NÃO,VIVIANE HONORAT,INFORMÁTICA,ACESSÓRIOS E PERIFÉRICOS,ADAPTADORES,TYPE-C,99.944,C,,2024-03-20 00:00:00,5,,5,,SIM,0,SEM VISTA,,,2024-03-21 18:25:10.710000,,,,,,,
603126,,ADESIVO 3D SORTIDOS R.ZLS-101,KIT,ATA - UNID      ,7.9608,1200,12,2018-05-11,SIM,NÃO,RAFAEL GONCALVE,ARTES,ARTESANATO,ADESIVOS                           ,SIMPLES,0.0,C,,2020-03-11 00:00:00,0,,0,,NÃO,0,SEM VISTA,,,00:00:00,,,,,,,
630203,,ADESIVO FM C/GLITTER 70X180MM JARDIM AD1951,TOKE E CRIE,ATA - UNID      ,0.992,0,3,2019-02-09,SIM,NÃO,RAFAEL GONCALVE,ARTES,ARTESANATO,ADESIVOS                           ,SIMPLES,0.0,0,,2021-09-22 00:00:00,0,,1,,SIM,0,SEM VISTA,,,2021-02-18 08:43:45.110000,,,,,,,
630200,,ADESIVO FM C/GLITTER 70X180MM TRANSPORTE AD1949,TOKE E CRIE,ATA - UNID      ,0.992,0,3,2019-02-09,SIM,NÃO,RAFAEL GONCALVE,ARTES,ARTESANATO,ADESIVOS                           ,SIMPLES,0.0,0,,2021-10-14 00:00:00,0,,1,,SIM,0,SEM VISTA,,,2021-02-18 08:43:45.143000,,,,,,,
630202,,ADESIVO FM C/GLITTER 70X180MM VERAO AD1950,TOKE E CRIE,ATA - UNID      ,0.992,0,3,2019-02-09,SIM,NÃO,RAFAEL GONCALVE,ARTES,ARTESANATO,ADESIVOS                           ,SIMPLES,0.0,0,,2021-08-04 00:00:00,0,,0,,NÃO,0,SEM VISTA,,,00:00:00,,,,,,,
592977,,ADESIVO IRISADO FLOR 18-013 DOURADO,KIT,ATA - C/30      ,4.898,1200,12,2018-02-19,SIM,NÃO,NEILOR COMPRAS ,ARMARINHO E CONFECÇÃO,BIJUTERIAS,STRASS                             ,SIMPLES,0.0,A,,2023-10-31 00:00:00,0,,0,,NÃO,0,SEM VISTA,,,00:00:00,,,,,,,
629862,,ADESIVO MINI PUFFY II SALA DE AULA AD1948,TOKE E CRIE,ATA - UNID      ,0.992,0,3,2019-02-08,SIM,NÃO,RAFAEL GONCALVE,ARTES,ARTESANATO,ADESIVOS                           ,SIMPLES,0.0,0,,2021-12-01 00:00:00,0,,0,,NÃO,0,SEM VISTA,,,00:00:00,,,,,,,
635885,,ADESIVO STICKERS REF.19-01,KIT,ATA - UNID      ,5.9892,1200,12,2019-04-29,SIM,SIM,RODILEY COSTA  ,PAPELARIA,ESCOLAR,ADESIVOS                           ,STICKERS,0.0,C,,2021-01-27 00:00:00,0,,30,,NÃO,0,SEM VISTA,,,2021-02-26 08:06:39.140000,,,,,,,
440460,,ADESIVO STRASS 6MM 10X26CM S6-1026 MULTICOR,KIT,ATA - UNID      ,4.991,600,20,2015-01-26,SIM,SIM,NEILOR COMPRAS ,ARMARINHO E CONFECÇÃO,BIJUTERIAS,STRASS                             ,SIMPLES,0.0,A,,2024-02-08 00:00:00,0,,0,,NÃO,0,SEM VISTA,,,00:00:00,,,,,,,
424382,,ADESIVO STRASS ARABESCOS ESPIRAIS AD1507,TOKE E CRIE,ATA - UNID      ,0.992,0,3,2014-08-27,SIM,,,ARTES,ARTESANATO,ADESIVOS                           ,SIMPLES,0.0,,,2015-06-09 00:00:00,0,,0,,NÃO,0,SEM VISTA,,,00:00:00,,,,,,,
598699,,ADESIVO STRASS NUMERO 1 3MM 9X15CM YW399B,KIT,ATA - C/12      ,0.992,1500,20,2018-04-24,SIM,NÃO,NEILOR COMPRAS ,ARMARINHO E CONFECÇÃO,BIJUTERIAS,STRASS                             ,SIMPLES,0.0,0,,2018-08-07 00:00:00,0,,0,,NÃO,0,SEM VISTA,,,00:00:00,,,,,,,
697775,,ADITIVO ANTI BOLHA SILADIT 53 100ML R.PEF13013,REDECENTER,ATA - UNID      ,34.9928,10,0,2022-05-17,SIM,NÃO,BRUNO DIAS     ,ARTES,ARTESANATO,ACESSÓRIOS,SIMPLES,174.964,C,,2023-11-10 00:00:00,5,,5,,SIM,0,SEM VISTA,,,2023-10-06 18:07:51.700000,,,,,,,
166875,,AGENDA DO ESTUDANTE KIT KIDEN-01,KIT,ATA - UNID      ,8.99,80,10,2008-03-14,SIM,SIM,RODILEY COSTA  ,PAPELARIA,ESCOLAR,AGENDAS,ESCOLAR,8.99,C,,2021-09-16 00:00:00,1,,25,,NÃO,0,2023-08-22 00:00:00,INVENTÁRIOS PRÉ-DEFINIDOS COMPRAS,,2021-02-26 08:06:30.827000,,,,,,,
658066,,AGENDA ESP ANUAL C/D 160FLS FASHION WORLD R.FW01A,KIT,ATA - UNID      ,9.9882,48,0,2020-06-10,SIM,SIM,RODILEY COSTA  ,PAPELARIA,ESCOLAR,AGENDAS,DIÁRIA,0.0,C,,2023-09-13 00:00:00,0,,0,,NÃO,0,SEM VISTA,,,00:00:00,,,,,,,
675872,,AGENDA ESPIRAL ANUAL C/D 160FL LIGHT R.3728,KIT,ATA - UNID      ,9.9882,48,0,2021-05-21,SIM,SIM,RODILEY COSTA  ,PAPELARIA,ESCOLAR,AGENDAS,DIÁRIA,0.0,C,,2023-09-08 00:00:00,0,,0,,NÃO,0,SEM VISTA,,,00:00:00,,,,,,,
658123,,AGENDA ESPIRAL C/D 160FLS LIGHT PLANNER R.LU01PL,KIT,ATA - UNID      ,9.9882,48,0,2020-06-12,SIM,SIM,RODILEY COSTA  ,PAPELARIA,ESCOLAR,AGENDAS,PLANNER,0.0,C,,2023-08-16 00:00:00,0,,0,,NÃO,0,SEM VISTA,,,00:00:00,,,,,,,
658069,,AGENDA ESPIRAL C/D 160FLS MY DOG R.MD01A,KIT,ATA - UNID      ,9.9882,48,0,2020-06-10,SIM,SIM,RODILEY COSTA  ,PAPELARIA,ESCOLAR,AGENDAS,DIÁRIA,0.0,C,,2023-09-13 00:00:00,0,,0,,NÃO,0,SEM VISTA,,,00:00:00,,,,,,,
658068,,AGENDA ESPIRAL C/D 168FLS MY DOG PLANNER MD02PL R.4040,KIT,ATA - UNID      ,8.99,48,0,2020-06-10,SIM,NÃO,RODILEY COSTA  ,PAPELARIA,ESCOLAR,AGENDAS,PLANNER,0.0,0,,2020-11-19 00:00:00,0,,15,,NÃO,0,SEM VISTA,,,2021-02-26 08:06:40.580000,,,,,,,
658073,,AGENDA ESPIRAL C/D 168FLS TRENDS TR01A R.3709,KIT,ATA - UNID      ,8.99,48,0,2020-06-10,SIM,,,PAPELARIA,ESCOLAR,AGENDAS,DIÁRIA,0.0,,,2021-11-04 00:00:00,0,,20,,NÃO,0,SEM VISTA,,,2021-10-22 15:28:26.187000,,,,,,,
675324,,AGENDA EXEC ACO ESCOVADO C/D GDE BRONZE R.1897,KIT,ATA - UNID      ,18.9906,40,5,2021-05-06,SIM,SIM,RODILEY COSTA  ,PAPELARIA,ESCOLAR,AGENDAS,DIÁRIA,0.0,0,,2022-06-06 00:00:00,0,,0,,NÃO,0,SEM VISTA,,,00:00:00,,,,,,,
675325,,AGENDA EXEC ACO ESCOVADO C/D GDE CORAL R.1897,KIT,ATA - UNID      ,18.9906,40,5,2021-05-06,SIM,SIM,RODILEY COSTA  ,PAPELARIA,ESCOLAR,AGENDAS,DIÁRIA,0.0,0,,2022-06-06 00:00:00,0,,0,,NÃO,0,SEM VISTA,,,00:00:00,,,,,,,
675323,,AGENDA EXEC ACO ESCOVADO C/D GDE GRAFITE R.1897,KIT,ATA - UNID      ,18.9906,40,5,2021-05-06,SIM,SIM,RODILEY COSTA  ,PAPELARIA,ESCOLAR,AGENDAS,DIÁRIA,0.0,0,,2022-06-06 00:00:00,0,,0,,NÃO,0,SEM VISTA,,,00:00:00,,,,,,,
294470,,AGENDA EXEC ACO ESCOVADO C/D GDE OURO R.1897,KIT,ATA - UNID      ,18.9906,40,5,2012-02-09,SIM,SIM,RODILEY COSTA  ,PAPELARIA,ESCOLAR,AGENDAS,EXECUTIVA,0.0,0,,2022-06-06 00:00:00,0,,15,,NÃO,0,SEM VISTA,,,2022-07-21 11:14:12.417000,,,,,,,
676133,,AGENDA EXECUTIVA C/D 168FLS COLOR GDE BORDO R.AB638-ASST,KIT,ATA - UNID      ,23.3988,40,5,2021-05-25,SIM,SIM,RODILEY COSTA  ,PAPELARIA,ESCOLAR,AGENDAS,EXECUTIVA,0.0,0,,2022-06-06 00:00:00,0,,15,,NÃO,0,SEM VISTA,,,2022-07-21 11:14:12.463000,,,,,,,
193606,,AGENDA EXECUTIVA C/D 168FLS COLOR GDE MARINHO R.AB638-ASST,KIT,ATA - UNID      ,23.3988,40,0,2009-04-02,SIM,SIM,RODILEY COSTA  ,PAPELARIA,ESCOLAR,AGENDAS,EXECUTIVA,0.0,0,,2022-06-06 00:00:00,0,,17,,NÃO,0,SEM VISTA,,,2022-07-21 11:14:12.540000,,,,,,,
675954,,AGENDA EXECUTIVA C/D 168FLS COLOR GDE OCRE R.AB638-ASST,KIT,ATA - UNID      ,23.3988,40,5,2021-05-21,SIM,SIM,RODILEY COSTA  ,PAPELARIA,ESCOLAR,AGENDAS,EXECUTIVA,0.0,0,,2022-06-06 00:00:00,0,,0,,NÃO,0,SEM VISTA,,,00:00:00,,,,,,,
675952,,AGENDA EXECUTIVA C/D 168FLS COLOR GDE VERDE R.AB638-ASST,KIT,ATA - UNID      ,23.3988,40,5,2021-05-21,SIM,SIM,RODILEY COSTA  ,PAPELARIA,ESCOLAR,AGENDAS,EXECUTIVA,0.0,C,,2022-06-06 00:00:00,0,,0,,NÃO,0,SEM VISTA,,,00:00:00,,,,,,,
675898,,AGENDA EXECUTIVA C/D 192FLS COLOR MINI BORDO R.AS801,KIT,ATA - UNID      ,15.3512,70,5,2021-05-21,SIM,SIM,RODILEY COSTA  ,PAPELARIA,ESCOLAR,AGENDAS,EXECUTIVA,0.0,0,,2022-06-06 00:00:00,0,,0,,NÃO,0,SEM VISTA,,,00:00:00,,,,,,,
675897,,AGENDA EXECUTIVA C/D 192FLS COLOR MINI OCRE R.AS801,KIT,ATA - UNID      ,15.3512,70,5,2021-05-21,SIM,SIM,RODILEY COSTA  ,PAPELARIA,ESCOLAR,AGENDAS,EXECUTIVA,0.0,0,,2022-06-06 00:00:00,0,,0,,NÃO,0,SEM VISTA,,,00:00:00,,,,,,,
675896,,AGENDA EXECUTIVA C/D 192FLS COLOR MINI VERDE R.AS801,KIT,ATA - UNID      ,15.3512,70,5,2021-05-21,SIM,SIM,RODILEY COSTA  ,PAPELARIA,ESCOLAR,AGENDAS,EXECUTIVA,0.0,0,,2022-06-06 00:00:00,0,,0,,NÃO,0,SEM VISTA,,,00:00:00,,,,,,,
141626,,AGENDA EXECUTIVA C/D 192FLS MINI PRETO R.AS-801,KIT,ATA - UNID      ,15.3016,70,5,2007-03-28,SIM,SIM,RODILEY COSTA  ,PAPELARIA,ESCOLAR,AGENDAS,EXECUTIVA,0.0,0,,2022-06-06 00:00:00,0,,7,,NÃO,0,SEM VISTA,,,2022-07-21 11:14:13.227000,,,,,,,
212835,,AGENDA KIT COMERCIAL 180X265MM R.1894 PRETO,KIT,ATA - UNID      ,39.99,20,5,2010-02-24,SIM,SIM,RODILEY COSTA  ,PAPELARIA,ESCOLAR,AGENDAS,COMERCIAL,0.0,0,,2022-06-06 00:00:00,0,,8,,NÃO,0,SEM VISTA,,,2022-07-21 11:14:11.743000,,,,,,,
233639,,AGENDA KIT EXECUTIVO 138X200MM C/DURA 1896 PRETO,KIT,ATA - UNID      ,17.9924,40,5,2011-01-19,SIM,SIM,RODILEY COSTA  ,PAPELARIA,ESCOLAR,AGENDAS,EXECUTIVA,0.0,0,,2022-06-06 00:00:00,0,,20,,NÃO,0,SEM VISTA,,,2022-07-21 11:14:13.273000,,,,,,,
17113,,AGENDA KIT EXECUTIVO 138X200MM R.AB601 PRETO,KIT,ATA - UNID      ,18.9906,40,0,2004-04-28,SIM,SIM,RODILEY COSTA  ,PAPELARIA,ESCOLAR,AGENDAS,EXECUTIVA,0.0,0,,2022-06-06 00:00:00,0,,40,,NÃO,0,SEM VISTA,,,2022-07-21 11:14:13.307000,,,,,,,
647024,,AGENDA KIT MENSAL MEDIA 148X205MM 14FLS,KIT,ATA - UNID      ,5.9892,160,0,2019-10-09,SIM,NÃO,RODILEY COSTA  ,PAPELARIA,ESCOLAR,AGENDAS,PLANNER,0.0,0,,2020-07-27 00:00:00,0,,6,,NÃO,0,SEM VISTA,,,2021-02-26 08:06:31.577000,,,,,,,
232410,,AGENDA KIT SEMANAL GRANDE 170X240 88F R.1895,KIT,ATA - UNID      ,28.9974,35,5,2010-12-07,SIM,SIM,RODILEY COSTA  ,PAPELARIA,ESCOLAR,AGENDAS,SEMANAL,0.0,0,,2022-06-06 00:00:00,0,,10,,NÃO,0,SEM VISTA,,,2022-07-21 11:14:11.807000,,,,,,,
682449,,AGENDA PERMANENTE AMETISTA PRETA 13X80 400FLS R715PT,REDOMA,ATA - UNID      ,20.987,48,6,2021-08-23,SIM,,,PAPELARIA,ESCOLAR,AGENDAS,SIMPLES,0.0,,,2021-10-21 00:00:00,0,,12,,NÃO,0,SEM VISTA,,,2021-10-21 16:14:21.310000,,,,,,,
93344,,AGENDA PROMOCIONAL 399,KIT,ATA - UNID      ,3.9928,24,0,2005-08-05,SIM,NÃO,RODILEY COSTA  ,PAPELARIA,ESCOLAR,AGENDAS,DIÁRIA,0.0,0,,2005-12-21 00:00:00,0,,0,,NÃO,0,SEM VISTA,,,00:00:00,,,,,,,
675539,,AGUA MICELAR 100ML 10 EM 1 INCOLOR,ASTI COSMETICOS,ATA - UNID      ,8.99,24,0,2021-05-18,SIM,NÃO,ADRIANO PERUSSE,HIGIENE E BELEZA,MAQUIAGEM,DEMAQUILANTES,ÁGUA MICELAR,0.0,C,,2022-02-18 00:00:00,0,,0,,NÃO,0,SEM VISTA,,,00:00:00,,,,,,,
612560,,AGULHA CIRCULAR BAMBU 80CM 3MM 351377,CIRCULO,ATA - UNID      ,12.989,30,6,2018-08-08,SIM,NÃO,APARECIDA      ,ARMARINHO E CONFECÇÃO,AVIAMENTOS,AGULHAS CROCHÊ,SIMPLES,376.68100000000004,C,,2021-09-21 00:00:00,29,,12,,NÃO,0,2023-12-27 00:00:00,ESTOQUE FINANCEIRO,,2021-02-20 07:12:37.647000,,,,,,,
600887,,AGULHA CROCHE MADEIRA  6MM 13822C,KIT,ATA - UNID      ,4.1912,1000,20,2018-05-07,SIM,SIM,NEILOR COMPRAS ,ARMARINHO E CONFECÇÃO,AVIAMENTOS,AGULHAS CROCHÊ,SIMPLES,113.1624,C,,2021-05-04 00:00:00,27,,20,,NÃO,0,SEM VISTA,,,2021-02-20 07:12:40.443000,,,,,,,
642394,,AGULHA CROCHE PLASTICA R.10.0MM,ENOVELAR,ATA - UNID      ,0.992,0,0,2019-08-07,SIM,NÃO,APARECIDA      ,ARMARINHO E CONFECÇÃO,AVIAMENTOS,AGULHAS CROCHÊ,SIMPLES,0.0,C,,2021-01-07 00:00:00,0,,0,,NÃO,0,SEM VISTA,,,00:00:00,,,,,,,
642395,,AGULHA CROCHE PLASTICA R.12.0MM,ENOVELAR,ATA - UNID      ,0.992,0,0,2019-08-07,SIM,NÃO,APARECIDA      ,ARMARINHO E CONFECÇÃO,AVIAMENTOS,AGULHAS CROCHÊ,SIMPLES,0.0,C,,2021-01-07 00:00:00,0,,0,,NÃO,0,SEM VISTA,,,00:00:00,,,,,,,
710529,,AGULHA PARA COSTURA 5.3CM N.9E NIQUELADO,CIRCULO,ATA - C/20      ,3.9928,0,5,2022-12-16,SIM,NÃO,APARECIDA      ,ARMARINHO E CONFECÇÃO,AVIAMENTOS,AGULHAS DE MAO                     ,SIMPLES,35.9352,B,,2024-01-13 00:00:00,9,,10,,SIM,0,SEM VISTA,,,2022-12-27 08:25:16.723000,,,,,,,
710530,,AGULHA PARA COSTURA 6.1CM N.1 NIQUELADO,CIRCULO,ATA - C/20      ,5.487,0,5,2022-12-16,SIM,NÃO,APARECIDA      ,ARMARINHO E CONFECÇÃO,AVIAMENTOS,AGULHAS DE MAO                     ,SIMPLES,32.922,A,,2024-01-13 00:00:00,6,,10,,SIM,0,2024-04-27 00:00:00,COMPRAS INVENTÁRIOS PRÉ-DEFINIDOS,,2022-12-27 08:25:16.753000,,,,,,,
710531,,AGULHA PARA COSTURA 6.3CM N.2 NIQUELADO,CIRCULO,ATA - C/20      ,5.487,0,5,2022-12-16,SIM,NÃO,APARECIDA      ,ARMARINHO E CONFECÇÃO,AVIAMENTOS,AGULHAS DE MAO                     ,SIMPLES,43.896,A,,2024-01-13 00:00:00,8,,10,,SIM,0,2024-04-27 00:00:00,COMPRAS INVENTÁRIOS PRÉ-DEFINIDOS,,2022-12-27 08:25:16.787000,,,,,,,
638547,,AGULHA PARA FELTRAGEM PR-615,DISK MAQPECAS,ATA - UNID      ,14.2972,0,0,2019-06-05,SIM,NÃO,APARECIDA      ,ARMARINHO E CONFECÇÃO,AVIAMENTOS,AGULHAS DE MAO                     ,SIMPLES,0.0,0,,2022-06-22 00:00:00,0,,0,,NÃO,0,SEM VISTA,,,00:00:00,,,,,,,
24676,,AGULHA TRICOT PLASTICO N.3 5 VERDE,CIRCULO,ATA - UNID      ,4.061,240,12,2004-07-01,SIM,NÃO,APARECIDA      ,ARMARINHO E CONFECÇÃO,AVIAMENTOS,AGULHAS TRICÔ,SIMPLES,0.0,C,,2014-01-13 00:00:00,0,,0,,NÃO,0,SEM VISTA,,,00:00:00,,,,,,,
546020,,ALBUM MINI MISTO RETANGULAR ESCALOPADO MAM05,TOKE E CRIE,ATA - UNID      ,10.9926,0,0,2016-09-30,SIM,NÃO,RAFAEL GONCALVE,ARTES,ARTESANATO,ALBUM                              ,SIMPLES,0.0,C,,2021-08-28 00:00:00,0,,0,,NÃO,0,SEM VISTA,,,00:00:00,,,,,,,
527657,,ALBUM P/SCRAPBOOK REF.608622,KIT,ATA - UNID      ,9.9882,192,24,2016-05-11,SIM,NÃO,RAFAEL GONCALVE,ARTES,ARTESANATO,ALBUM                              ,SIMPLES,0.0,0,,2016-11-23 00:00:00,0,,0,,NÃO,0,SEM VISTA,,,00:00:00,,,,,,,
657685,,ALCOOL 70% AEROSOL 300ML DOM LINE IX.1 R. 210192,BASTON,ATA - UNID      ,12.989,12,0,2020-05-07,SIM,,,HIGIENE E BELEZA,HIGIENE,ÁLCOOL LÍQUIDO,AEROSOL,0.0,,,2022-02-03 00:00:00,0,,23,,NÃO,0,SEM VISTA,,,2021-03-01 09:00:05.120000,,,,,,,
718466,,ALCOOL GEL 70% 5 LITROS CORDEIRO,CORDEIRO,ATA - UNID      ,59.9912,0,0,2023-04-13,SIM,SIM,JUMARA SANTOS  ,HIGIENE E BELEZA,HIGIENE,ÁLCOOL GEL,COMUM,0.0,C,,2023-06-20 00:00:00,0,,0,,NÃO,0,SEM VISTA,,,00:00:00,,,,,,,
660747,,ALCOOL GEL 70% ALOE VERA PERFUMADO 30ML,TERRA BRASILIS,ATA - UNID      ,0.992,128,32,2020-07-29,SIM,NÃO,JUMARA SANTOS  ,HIGIENE E BELEZA,HIGIENE,ÁLCOOL GEL,PERFUMADO,0.0,C,,2022-07-18 00:00:00,0,,58,,SIM,0,SEM VISTA,,,2021-03-01 09:00:22.463000,,,,,,,
681578,,ALCOOL LIQUIDO 70% 1000ML SAFRA,SAFRA,ATA - UNID      ,6.9874,12,0,2021-08-09,SIM,,,HIGIENE E BELEZA,HIGIENE,ÁLCOOL LÍQUIDO,SIMPLES,0.0,,,2021-11-09 00:00:00,0,,20,,SIM,0,SEM VISTA,,,2021-08-23 10:44:31.743000,,,,,,,
660749,,ALCOOL LIQUIDO 70% SPRAY 50ML,TERRA BRASILIS,ATA - UNID      ,4.991,200,0,2020-07-29,SIM,NÃO,JUMARA SANTOS  ,HIGIENE E BELEZA,HIGIENE,ÁLCOOL LÍQUIDO,COMUM,0.0,C,,2022-11-23 00:00:00,0,,50,,SIM,0,2023-03-15 00:00:00,POTENCIAIS,,2021-03-01 09:00:22.650000,,,,,,,
672135,,ALCOOL LIQUIDO C/GATILHO 500ML HIDRALISE IX.1,HIDRALISE,ATA - UNID      ,16.988,15,0,2021-01-22,SIM,SIM,JUMARA SANTOS  ,HIGIENE E BELEZA,HIGIENE,ÁLCOOL LÍQUIDO,PULVERIZADOR,0.0,C,,2022-03-19 00:00:00,0,,20,,NÃO,0,SEM VISTA,,,2021-03-30 09:24:50.410000,,,,,,,
3528,,ALGODAO BOLINHA APOLO 50G,APOLO,ATA - UNID      ,4.991,120,20,2003-05-11,SIM,,,HIGIENE E BELEZA,HIGIENE,ALGODÃO,BOLINHA,0.0,,,2022-06-29 00:00:00,0,,16,,NÃO,0,SEM VISTA,,,2021-03-01 09:00:05.027000,,,,,,,
3695,,ALGODAO ROLO APOLO 25G,APOLO,ATA - UNID      ,2.9884,240,20,2003-05-12,SIM,SIM,JUMARA SANTOS  ,HIGIENE E BELEZA,HIGIENE,ALGODÃO,ROLO,0.0,0,,2022-06-29 00:00:00,0,,20,,NÃO,0,SEM VISTA,,,2021-03-01 09:00:05.057000,,,,,,,
585194,,ALICATE APLICADOR BOTAO,PITI PITI MAQUINAS DE COSTURAS LTDA,ATA - UNID      ,87.9904,0,12,2017-11-03,SIM,NÃO,MELISSA ALMEIDA,ARMARINHO E CONFECÇÃO,ACABAMENTOS CONFECÇÃO,ALICATES,SIMPLES,0.0,0,,2022-04-11 00:00:00,0,,6,,NÃO,0,SEM VISTA,,,2021-11-22 17:17:33.087000,,,,,,,
352189,,ALISADOR 15X8.5CM R.407785,BLUE STAR,ATA - UNID      ,21.9914,0,0,2013-03-20,SIM,SIM,RAFAEL GONCALVE,ARTES,ARTESANATO,PRODUTOS P/BISCUIT                 ,SIMPLES,219.914,C,,2024-04-04 00:00:00,10,,5,,SIM,0,SEM VISTA,,,2022-11-25 16:08:56.367000,,,,,,,
739592,MIX MAES,ALMOFADA CORACAO MAE R.F0065 SORTIDO,FWB,ATA - UNID      ,9.9882,0,0,2024-03-08,SIM,NÃO,JESSICA LIMA   ,CASA E DECORAÇÃO,DECORAÇÃO,ALMOFADAS,SIMPLES,239.71680000000003,A,,2024-04-15 00:00:00,24,,24,,SIM,0,2024-05-04 00:00:00,SEMVENDAS NOVOS,,2024-03-12 11:43:31.277000,,,,,,,
731692,,ALMOFADA DIGITAL PEROLA 43X43CM R.618 SORTIDO,DECORAÇOES MARTINS,ATA - UNID      ,34.9928,0,0,2023-10-27,SIM,NÃO,JOAO SALAZAR   ,CASA E DECORAÇÃO,DECORAÇÃO,ALMOFADAS,SIMPLES,209.95680000000002,A,,2023-12-12 00:00:00,6,,6,,SIM,0,2024-05-04 00:00:00,SEMVENDAS NOVOS,,2023-10-27 18:01:08.913000,,,,,,,
195361,,ALMOFADA P/ CARIMBO N.3 TINTA PRETA,CARBRINK,ATA - UNID      ,4.4888,180,12,2009-05-07,SIM,SIM,RENAN OL       ,PAPELARIA,OFFICE,ALMOFADAS CARIMBO,COM TINTA,0.0,0,,2020-10-23 00:00:00,0,,10,,NÃO,0,SEM VISTA,,,2021-02-26 08:06:22.263000,,,,,,,
195362,,ALMOFADA P/ CARIMBO N.3 TINTA VERMELHA,CARBRINK,ATA - UNID      ,4.4888,180,12,2009-05-07,SIM,SIM,RENAN OL       ,PAPELARIA,OFFICE,ALMOFADAS CARIMBO,COM TINTA,0.0,C,,2021-12-14 00:00:00,0,,0,,NÃO,0,SEM VISTA,,,00:00:00,,,,,,,
659520,,AMENDOIM 360G MIX CROKISSIMO R.1394,SANTA HELENA,ATA - UNID      ,16.988,12,0,2020-07-17,SIM,,,FESTAS,BOMBONIERE,AMENDOINS,MIX,0.0,,,2021-08-11 00:00:00,0,,0,,NÃO,0,SEM VISTA,,,00:00:00,,,,,,,
659521,,AMENDOIM 410G MIX APERITIVO R.1393,SANTA HELENA,ATA - UNID      ,17.9924,12,0,2020-07-17,SIM,NÃO,ADRIANO PERUSSE,FESTAS,BOMBONIERE,AMENDOINS,MIX,0.0,C,,2021-09-14 00:00:00,0,,0,,NÃO,0,SEM VISTA,,,00:00:00,,,,,,,
687728,,AMENDOIM GRAO BRANCO 500G R.4367,PRODUTOS PINK,ATA - UNID      ,8.4878,20,0,2021-11-11,SIM,,,FESTAS,CONFEITARIA,ARTIGOS COMESTIVEIS                ,SIMPLES,0.0,,,00:00:00,0,,0,,NÃO,0,SEM VISTA,,,00:00:00,,,,,,,
697314,,AMENDOIM RANNER 500G R.,PRODUTOS PINK,ATA - UNID      ,9.4922,20,0,2022-05-10,SIM,,,FESTAS,CONFEITARIA,ARTIGOS COMESTIVEIS                ,SIMPLES,0.0,,,2022-08-25 00:00:00,0,,0,,NÃO,0,SEM VISTA,,,00:00:00,,,,,,,
687730,,AMENDOIM TORRADO E DESCASCADO 500G R.6520,PRODUTOS PINK,ATA - UNID      ,10.8996,20,0,2021-11-11,SIM,,,FESTAS,CONFEITARIA,ARTIGOS COMESTIVEIS                ,SIMPLES,0.0,,,2022-08-25 00:00:00,0,,0,,NÃO,0,SEM VISTA,,,00:00:00,,,,,,,
739754,,ANEL GUARDANAPO SINTETICO 4X4CM R.DM6T15,GZT,ATA - C/6       ,30.9876,0,0,2024-03-13,SIM,NÃO,RAFAEL SILVEIRA,CASA E DECORAÇÃO,MESA POSTA,PORTA GUARDANAPOS                  ,SIMPLES,185.9256,C,,2024-04-09 00:00:00,6,,6,,SIM,0,SEM VISTA,,,2024-03-14 09:54:40.943000,,,,,,,
102140,,ANILINA ALCOOL E AGUA ROXO,LACXE,ATA - UNID      ,4.4888,0,0,2005-10-25,SIM,SIM,ADRIANO RODRI  ,ARTES,ARTESANATO,ANILINAS,PÓ,0.0,B,,2024-04-15 00:00:00,0,,0,,NÃO,0,SEM VISTA,,,00:00:00,,,,,,,
188995,,APAGADOR ASUPER RADEX P/QUADRO BRANCO,RADEX,ATA - UNID      ,7.9918,72,0,2008-12-01,SIM,NÃO,RENAN OL       ,PAPELARIA,ESCRITA E AUXILIARES,APAGADORES,PLÁSTICO,0.0,C,,2022-06-22 00:00:00,0,,10,,NÃO,0,SEM VISTA,,,2022-06-10 10:12:05.490000,,,,,,,
739665,,APARADOR DE LOUCA R.9398 SORTIDO,FWB,ATA - UNID      ,9.9882,0,0,2024-03-11,SIM,NÃO,JESSICA LIMA   ,CASA E DECORAÇÃO,COPA E COZINHA,UTENSÍLIOS,SIMPLES,119.85840000000002,C,,2024-04-15 00:00:00,12,,12,,SIM,0,SEM VISTA,,,2024-03-12 11:43:33.207000,,,,,,,
660251,,APARELHO MANUAL PEGA MICANGA,KIT,ATA - UNID      ,179.9922,20,0,2020-07-24,SIM,NÃO,NEILOR COMPRAS ,ARMARINHO E CONFECÇÃO,BIJUTERIAS,ACESSORIOS P/COSTURA,SIMPLES,179.9922,B,,2020-11-23 00:00:00,1,,1,,NÃO,0,SEM VISTA,,,2021-05-11 09:07:23.740000,,,,,,,
440853,,APARELHO TELEFONICO HEADSET HST-6000,ELGIN,ATA - UNID      ,159.991,40,0,2015-01-30,SIM,SIM,VIVIANE HONORAT,INFORMÁTICA,TELEFONIA,TELEFONES,COM FIO,0.0,C,,2022-04-08 00:00:00,0,,6,,NÃO,0,SEM VISTA,,,2021-03-03 08:54:56.720000,,,,,,,
671447,,APARELHO VIES RETA 2 DOBRA 12166 20MM,DISK MAQPECAS,ATA - UNID      ,24.087,0,0,2020-12-28,SIM,NÃO,APARECIDA      ,ARMARINHO E CONFECÇÃO,AVIAMENTOS,PECAS P/MAQUINAS                   ,SIMPLES,0.0,0,,2022-01-14 00:00:00,0,,0,,NÃO,0,SEM VISTA,,,00:00:00,,,,,,,
700387,,APITO BRASIL BOLA VERDE/AMARELO R.020-10680,DOLLAR BRASIL,ATA - UNID      ,2.9884,70,0,2022-07-11,SIM,,,SAZONAIS,COPA DO MUNDO,APITOS                             ,SIMPLES,0.0,,,2022-08-12 00:00:00,0,,0,,NÃO,0,SEM VISTA,,,00:00:00,,,,,,,
597991,,APLICACAO CIRCULO STRASS MF-PA-8 CRISTAL AB,KIT,ATA - C/15      ,1.9902,0,0,2018-04-17,SIM,SIM,NEILOR COMPRAS ,ARMARINHO E CONFECÇÃO,AVIAMENTOS,APLICAÇÕES,SIMPLES,0.0,C,,2019-11-12 00:00:00,0,,20,20.0,NÃO,0,SEM VISTA,,,2021-02-20 07:12:42.663000,,,,,,,
602428,,APLICACAO CORACAO COURO MF-PA-17 ROSA,KIT,ATA - C/3       ,1.9902,1000,20,2018-05-09,SIM,NÃO,NEILOR COMPRAS ,ARMARINHO E CONFECÇÃO,AVIAMENTOS,APLICAÇÕES,SIMPLES,0.0,C,,2018-11-06 00:00:00,0,,0,20.0,NÃO,0,SEM VISTA,,,00:00:00,,,,,,,
636945,,APLICACAO ESTRELA METALICO 40475-02A 6.5CM DOURADO,KIT,ATA - C/5       ,2.9884,1000,20,2019-05-13,SIM,SIM,NEILOR COMPRAS ,ARMARINHO E CONFECÇÃO,AVIAMENTOS,APLICAÇÕES,SIMPLES,0.0,B,,2020-08-28 00:00:00,0,,0,20.0,NÃO,0,SEM VISTA,,,00:00:00,,,,,,,
636944,,APLICACAO ESTRELA METALICO 40475-02A 6.5CM VERMELHO,KIT,ATA - C/5       ,2.9884,1000,20,2019-05-13,SIM,SIM,NEILOR COMPRAS ,ARMARINHO E CONFECÇÃO,AVIAMENTOS,APLICAÇÕES,SIMPLES,0.0,C,,2020-08-28 00:00:00,0,,0,20.0,NÃO,0,SEM VISTA,,,00:00:00,,,,,,,
533276,,APLICACAO FLOR G ROCOCO ORGANZA MF29 04 ROSA,KIT,ATA - C/16      ,0.992,1000,20,2016-06-10,SIM,NÃO,NEILOR COMPRAS ,ARMARINHO E CONFECÇÃO,AVIAMENTOS,APLICAÇÕES,SIMPLES,0.0,0,,2019-11-12 00:00:00,0,,16,20.0,NÃO,0,SEM VISTA,,,2021-02-20 07:12:44.367000,,,,,,,
532684,,APLICACAO FLOR ROCOCO MESCLADA MF25 ROSA BEBE,KIT,ATA - C/12      ,1.9902,1000,20,2016-06-08,SIM,SIM,NEILOR COMPRAS ,ARMARINHO E CONFECÇÃO,AVIAMENTOS,APLICAÇÕES,SIMPLES,0.0,0,,2020-12-28 00:00:00,0,,16,20.0,NÃO,0,SEM VISTA,,,2021-02-20 07:12:44.693000,,,,,,,
360695,,APLICACAO LACO CETIM N.00 YY009 053 (1799) VERDE PISTACHE,KIT,ATA - C/50      ,4.4888,1000,20,2013-06-13,SIM,NÃO,NEILOR COMPRAS ,ARMARINHO E CONFECÇÃO,AVIAMENTOS,APLICAÇÕES,SIMPLES,0.0,C,,2020-09-29 00:00:00,0,,20,20.0,NÃO,0,SEM VISTA,,,2021-02-20 07:12:45.663000,,,,,,,
360660,,APLICACAO LACO CETIM N.02 YY004 001 BRANCO,KIT,ATA - C/50      ,4.991,1000,20,2013-06-13,SIM,SIM,NEILOR COMPRAS ,ARMARINHO E CONFECÇÃO,AVIAMENTOS,APLICAÇÕES,SIMPLES,0.0,0,,2020-08-28 00:00:00,0,,18,20.0,NÃO,0,SEM VISTA,,,2021-02-20 07:12:46.040000,,,,,,,
360673,,APLICACAO LACO CETIM N.02 YY004 140 LILAS,KIT,ATA - C/50      ,4.991,1000,20,2013-06-13,SIM,SIM,NEILOR COMPRAS ,ARMARINHO E CONFECÇÃO,AVIAMENTOS,APLICAÇÕES,SIMPLES,0.0,C,,2019-11-12 00:00:00,0,,16,20.0,NÃO,0,SEM VISTA,,,2021-02-20 07:12:46.367000,,,,,,,
360668,,APLICACAO LACO CETIM N.02 YY004 147/076 ROSA MEDIO,KIT,ATA - C/50      ,4.991,1000,20,2013-06-13,SIM,SIM,NEILOR COMPRAS ,ARMARINHO E CONFECÇÃO,AVIAMENTOS,APLICAÇÕES,SIMPLES,0.0,C,,2020-08-28 00:00:00,0,,20,20.0,NÃO,0,SEM VISTA,,,2021-02-20 07:12:46.507000,,,,,,,
532289,,APLICACAO LACO CETIM N.02 YY004 157/104 DOURADO,KIT,ATA - C/50      ,4.991,1000,20,2016-06-07,SIM,SIM,NEILOR COMPRAS ,ARMARINHO E CONFECÇÃO,AVIAMENTOS,APLICAÇÕES,SIMPLES,0.0,C,,2020-08-28 00:00:00,0,,20,20.0,NÃO,0,SEM VISTA,,,2021-02-20 07:12:46.350000,,,,,,,
360670,,APLICACAO LACO CETIM N.02 YY004 182/104 AZUL BEBE,KIT,ATA - C/50      ,4.991,1000,20,2013-06-13,SIM,SIM,NEILOR COMPRAS ,ARMARINHO E CONFECÇÃO,AVIAMENTOS,APLICAÇÕES,SIMPLES,0.0,C,,2020-08-28 00:00:00,0,,20,20.0,NÃO,0,SEM VISTA,,,2021-02-20 07:12:46.633000,,,,,,,
716391,,APLICACAO LACO CETIM NAC N.02 YY004 080 VERDE AGUA,KIT,ATA - C/50      ,4.991,0,0,2023-03-13,SIM,NÃO,NEILOR COMPRAS ,ARMARINHO E CONFECÇÃO,AVIAMENTOS,APLICAÇÕES,SIMPLES,99.82,C,,2024-03-15 00:00:00,20,,20,,SIM,0,SEM VISTA,,,2023-04-19 12:36:28.837000,,,,,,,
653607,,APLICACAO PEGADAS AZUL PASCOA R.203012,PIFFER,ATA - UNID      ,4.991,6,0,2020-01-31,SIM,NÃO,JESSICA LIMA   ,SAZONAIS,PÁSCOA,SAZONAL/PASCOA,SIMPLES,0.0,B,,2023-02-17 00:00:00,0,,0,,NÃO,0,SEM VISTA,,,00:00:00,,,,,,,
653606,,APLICACAO PEGADAS ROSA PASCOA R.203011,PIFFER,ATA - UNID      ,4.991,6,0,2020-01-31,SIM,NÃO,JESSICA LIMA   ,SAZONAIS,PÁSCOA,SAZONAL/PASCOA,SIMPLES,0.0,C,,2023-02-17 00:00:00,0,,0,,NÃO,0,SEM VISTA,,,00:00:00,,,,,,,
598043,,APLICACAO TERMOCOLANTE INF FOGUETE R2266,KIT,ATA - C/3       ,0.992,0,0,2018-04-17,SIM,NÃO,NEILOR COMPRAS ,ARMARINHO E CONFECÇÃO,AVIAMENTOS,APLICAÇÕES,SIMPLES,0.0,C,,2020-09-29 00:00:00,0,,20,20.0,NÃO,0,SEM VISTA,,,2021-02-20 07:12:47.023000,,,,,,,
350730,,APLIQUE 145 FLOR PEQUENA CETIM 108 LILAS,MARILDA,ATA - C/5       ,1.9902,0,0,2013-03-15,SIM,NÃO,APARECIDA      ,ARMARINHO E CONFECÇÃO,AVIAMENTOS,APLIQUES                           ,SIMPLES,0.0,0,,2021-10-21 00:00:00,0,,0,,NÃO,0,SEM VISTA,,,00:00:00,,,,,,,
342501,,APLIQUE BRADS EPOXI C/08 REF.BD42,ARTE MONTAGEM,ATA - UNID      ,4.867,0,0,2012-12-17,SIM,,,ARTES,ARTESANATO,APLIQUES                           ,SIMPLES,0.0,,,00:00:00,0,,0,,NÃO,0,SEM VISTA,,,00:00:00,,,,,,,
687627,,APLIQUE EM PAPEL DIE CUTS DIAS MELHORES II R.LDC-28,LITOARTE,ATA - UNID      ,5.301,0,5,2021-11-10,SIM,NÃO,BRUNO DIAS     ,ARTES,ARTESANATO,APLIQUES                           ,SIMPLES,15.903,C,,2023-03-03 00:00:00,3,,0,,NÃO,0,SEM VISTA,,,00:00:00,,,,,,,
687578,,APLIQUE EM PAPEL DIE CUTS MAE R.LDC-23,LITOARTE,ATA - UNID      ,5.301,0,5,2021-11-09,SIM,NÃO,BRUNO DIAS     ,ARTES,ARTESANATO,APLIQUES                           ,SIMPLES,31.806,C,,2022-10-18 00:00:00,6,,0,,NÃO,0,SEM VISTA,,,00:00:00,,,,,,,
